{
  "experiment_name": "curriculum_learning_demo",
  "total_tasks": 6,
  "episodes_per_task": 10,
  "task_results": [
    {
      "task_id": "task_1",
      "episodes": 10,
      "avg_reward": 0.42199041278197563,
      "avg_length": 151.5,
      "final_performance": 0.42199041278197563,
      "episode_rewards": [
        0.3243513526546627,
        0.16410967158115694,
        0.547161220022738,
        0.4613511764936913,
        0.5811989154495821,
        0.235178278166795,
        0.269536231214688,
        0.590301540166461,
        0.7575600268566963,
        0.28915571521328526
      ],
      "episode_lengths": [
        181,
        170,
        187,
        195,
        166,
        128,
        58,
        63,
        180,
        187
      ]
    },
    {
      "task_id": "task_2",
      "episodes": 10,
      "avg_reward": 0.48191015346607574,
      "avg_length": 138.3,
      "final_performance": 0.48191015346607574,
      "episode_rewards": [
        0.3340772454799823,
        0.5088762974351606,
        0.5754804042078383,
        -0.0400724590879021,
        0.6699953086045681,
        0.19377244743321284,
        0.9589915899401669,
        0.48889051099579606,
        0.7677530625294541,
        0.3613371271224805
      ],
      "episode_lengths": [
        180,
        106,
        137,
        191,
        173,
        52,
        158,
        159,
        77,
        150
      ]
    },
    {
      "task_id": "task_3",
      "episodes": 10,
      "avg_reward": 0.5743237730190184,
      "avg_length": 134.2,
      "final_performance": 0.5743237730190184,
      "episode_rewards": [
        0.22492871109117749,
        0.43426931669230445,
        0.5431841365788371,
        0.5940066153823393,
        1.09517870926831,
        0.6594061152779533,
        0.16795135731040384,
        0.4819520792811669,
        0.9265346701201428,
        0.615826019187549
      ],
      "episode_lengths": [
        108,
        182,
        179,
        134,
        120,
        148,
        197,
        90,
        97,
        87
      ]
    },
    {
      "task_id": "task_4",
      "episodes": 10,
      "avg_reward": 0.4234235079046031,
      "avg_length": 129.6,
      "final_performance": 0.4234235079046031,
      "episode_rewards": [
        0.1442438678947542,
        0.3695285829808027,
        0.6714657679697038,
        0.5331983132687732,
        0.25013425846235854,
        0.4819693637704014,
        0.3318877071250425,
        0.6135102647224138,
        0.48345190429661994,
        0.3548450485551612
      ],
      "episode_lengths": [
        59,
        145,
        120,
        190,
        183,
        199,
        124,
        118,
        57,
        101
      ]
    },
    {
      "task_id": "task_5",
      "episodes": 10,
      "avg_reward": 0.49172338671211735,
      "avg_length": 132.4,
      "final_performance": 0.49172338671211735,
      "episode_rewards": [
        0.6731266423586583,
        0.4209611842069656,
        0.3865257371031659,
        0.4185094331495207,
        0.41676011563594895,
        0.48221213074483166,
        0.4432549043748061,
        0.4783895941209486,
        0.7024657242792297,
        0.4950284011470981
      ],
      "episode_lengths": [
        192,
        153,
        168,
        137,
        77,
        140,
        120,
        147,
        104,
        86
      ]
    },
    {
      "task_id": "task_6",
      "episodes": 10,
      "avg_reward": 0.6073076869562021,
      "avg_length": 106.3,
      "final_performance": 0.6073076869562021,
      "episode_rewards": [
        0.5169041574462195,
        0.7624642094801576,
        0.6453039719670798,
        0.06438974646235615,
        0.6154090779281437,
        0.7790667432892827,
        0.8680926520580663,
        0.8540219089326281,
        0.4115378116338198,
        0.5558865903642678
      ],
      "episode_lengths": [
        94,
        170,
        70,
        59,
        191,
        127,
        140,
        84,
        64,
        64
      ]
    }
  ],
  "curriculum_stats": {
    "num_custom_tasks": 10,
    "total_scores_recorded": 150,
    "adaptation_history_length": 25
  },
  "adaptive_controller_status": {
    "active_jobs": 0,
    "completed_runs": 5,
    "is_running": false
  }
}