{
  "experiment_name": "curriculum_learning_demo",
  "total_tasks": 6,
  "episodes_per_task": 10,
  "task_results": [
    {
      "task_id": "task_1",
      "episodes": 10,
      "avg_reward": 0.5209638436400379,
      "avg_length": 122.2,
      "final_performance": 0.5209638436400379,
      "episode_rewards": [
        0.681177196553093,
        0.6906932406298757,
        0.3951536773014245,
        0.18679212743504567,
        0.49939787442720185,
        0.6241586544844727,
        0.6193968759367922,
        0.5503021899778868,
        0.7646067803853128,
        0.19795981926927417
      ],
      "episode_lengths": [
        96,
        75,
        124,
        67,
        87,
        90,
        185,
        148,
        191,
        159
      ]
    },
    {
      "task_id": "task_2",
      "episodes": 10,
      "avg_reward": 0.5707889649380123,
      "avg_length": 123.1,
      "final_performance": 0.5707889649380123,
      "episode_rewards": [
        0.5082964790102599,
        0.4122180698456989,
        0.3817284794308526,
        0.33224819383119336,
        1.0005232177675303,
        0.24044502564802095,
        0.5193667683762441,
        0.8304177014021826,
        1.0230077276059457,
        0.45963798646219517
      ],
      "episode_lengths": [
        132,
        153,
        107,
        120,
        113,
        102,
        131,
        101,
        103,
        169
      ]
    },
    {
      "task_id": "task_3",
      "episodes": 10,
      "avg_reward": 0.5379078736863405,
      "avg_length": 117.8,
      "final_performance": 0.5379078736863405,
      "episode_rewards": [
        0.8056498415290181,
        0.42634871655903817,
        0.5312909040753914,
        0.6352347091537925,
        0.6553177117765313,
        0.33495116821316323,
        0.4411645427044896,
        0.46001949495640226,
        0.6491063576816879,
        0.4399952902138915
      ],
      "episode_lengths": [
        95,
        122,
        172,
        133,
        99,
        133,
        136,
        92,
        68,
        128
      ]
    },
    {
      "task_id": "task_4",
      "episodes": 10,
      "avg_reward": 0.5829450608509885,
      "avg_length": 124.8,
      "final_performance": 0.5829450608509885,
      "episode_rewards": [
        0.6369683817012779,
        0.6588063011174149,
        0.48625312106004015,
        0.511552049461396,
        0.32751102519926883,
        0.7993567959203202,
        0.553513532119365,
        0.5560646469754854,
        0.6693422919771406,
        0.6300824629781758
      ],
      "episode_lengths": [
        145,
        50,
        153,
        88,
        162,
        90,
        191,
        80,
        94,
        195
      ]
    },
    {
      "task_id": "task_5",
      "episodes": 10,
      "avg_reward": 0.4899989955296025,
      "avg_length": 100.3,
      "final_performance": 0.4899989955296025,
      "episode_rewards": [
        0.41654813967505927,
        -0.32795978285501454,
        0.2843273287608796,
        0.5883659352422758,
        0.9490689942771513,
        0.38259220795202636,
        0.4829109153088618,
        0.5859987728419769,
        0.7636032130763643,
        0.7745342310164453
      ],
      "episode_lengths": [
        63,
        170,
        78,
        135,
        116,
        78,
        81,
        59,
        50,
        173
      ]
    },
    {
      "task_id": "task_6",
      "episodes": 10,
      "avg_reward": 0.413648486827028,
      "avg_length": 116.6,
      "final_performance": 0.413648486827028,
      "episode_rewards": [
        0.35393025303778564,
        0.24139421015026422,
        0.31306818749871684,
        0.47855119338806834,
        0.807419377826981,
        0.44490366770158735,
        0.4893554166583101,
        0.2103060745602245,
        0.29163566205697117,
        0.5059208253913707
      ],
      "episode_lengths": [
        75,
        181,
        105,
        81,
        81,
        169,
        91,
        133,
        86,
        164
      ]
    }
  ],
  "curriculum_stats": {
    "num_custom_tasks": 10,
    "total_scores_recorded": 150,
    "adaptation_history_length": 25
  },
  "adaptive_controller_status": {
    "active_jobs": 0,
    "completed_runs": 5,
    "is_running": false
  }
}